ka,NP1,JP-kanji,JP-rubi,NP-sentence,JP-question,exa,renban,S0,S3,S5,S7,S2,S4,N2,N4,N6,N8,,,,,,,,,
1,शौक,趣味,しゅみ,मेरो शौक चलचित्र हेर्ने हो,私の（　）は、映画をみることです,私の趣味は、映画をみることです,1,1,,,,,,,,,,,,,,,,,,
1,मलाई चासो छ,興味,きょうみ,मलाई जापानी चलचित्रहरूमा रुचि छ,日本の映画に（　）があります,日本の映画に興味があります,2,1,,,,,,,,,,,,,,,,,,
1,उपन्यास,小説,しょうせつ,मलाई उपन्यास मन पर्छ,私は（　）が好きです,私は小説が好きです,3,1,,,,,,,,,,,,,,,,,,
1,सपना,夢,ゆめ,भविष्यको लागि तपाईंको सपना के हो,将来の（　）は何ですか,将来の夢は何ですか,4,1,,,,,,,,,,,,,,,,,,
1,भविष्य,将来,しょうらい,म भविष्यमा डाक्टर बन्न चाहन्छु,（　）、医者になりたいです,将来、医者になりたいです,5,1,,,,,,,,,,,,,,,,,,
1,सवारी साधन,乗り物,のりもの,मेरो भाइलाई कार मन पर्छ,弟は（　）が好きです,弟は乗り物が好きです,6,1,,,,,,,,,,,,,,,,,,
1,पार्टटाइम काम,,あるばいと,मेरी बहिनी एक सुपरमार्केटमा  पार्टटाइम काम गर्छिन्।,妹はスーパーで（　）をしています,妹はスーパーでアルバイトをしています,7,1,,,,,,,,,,,,,,,,,,
1,राम्रो,上手い,うまい,मेरी बहिनी चित्रकला मा राम्रो छ,姉は絵が（　）です,妹は絵が上手いです,8,1,,,,,,,,,,,,,,,,,,
1,बल,力,ちから,मेरो भाइ मेरो बुबा भन्दा बलियो छ,兄は父より（　）が強いです,兄は父より力が強いです,9,1,,,,,,,,,,,,,,,,,,
1,आयात,輸入,ゆにゅう,हामी जापानबाट कार आयात गर्दैछौं।,日本から車を（　）しています,日本から車を輸入しています,10,1,,,,,,,,,,,,,,,,,,
1,उत्पादनकर्ता,生産,せいさん,मेरो देशले स्याउ उत्पादन गर्छ,私の国では、りんごを（　）しています,私の国では、りんごを生産しています,11,1,,,,,,,,,,,,,,,,,,
1,व्यापार,貿易,ぼうえき,मेरो देश जापान संग व्यापार गर्दछ,私の国は、日本と（　）をしています,私の国は、日本と貿易をしています,12,1,,,,,,,,,,,,,,,,,,
2,सौन्दर्य सैलून,美容院,びよういん,"मेरो छुट्टीको दिन, मैले हेयर सैलुनमा मेरो कपाल काटें।",休みの日に、（　）で髪を切りました,休みの日に、美容院で髪を切りました,13,1,,,,,,,,,,,,,,,,,,
2,सामान्यतया,大抵,たいてい,म सामान्यतया आइतबार बिहान हिँड्छु।,日曜日の朝は、（　）散歩をします,日曜日の朝は、大抵散歩をします,14,1,,,,,,,,,,,,,,,,,,
2,खेल,,げーむ,"दिनको समयमा, हामी हाम्रो कोठामा खेल खेल्छौं।",昼は、部屋で（　）をします,昼は、部屋でゲームをします,15,1,,,,,,,,,,,,,,,,,,
2,कार्यक्रम,番組,ばんぐみ,राति आफ्नो मनपर्ने टिभी कार्यक्रम हेर्छु।,夜は、好きなテレビの（　）を見ます,夜は、好きなテレビの番組を見ます,16,1,,,,,,,,,,,,,,,,,,
2,प्रसारण,放送,ほうそう,कार्यक्रम बिहान ९ बजेबाट प्रसारण हुनेछ ।,その番組の（　）は、朝９時からです,その番組の放送は、朝９時からです,17,1,,,,,,,,,,,,,,,,,,
2,कडा,厳しい,きびしい,शिक्षक कडा हुनुहुन्छ ।,先生は（　）人です,先生は厳しい人です,18,1,,,,,,,,,,,,,,,,,,
2,दयालु,親切な,しんせつ,शिक्षक दयालु हुनुहुन्छ ।,先生は（　）です,先生は親切です,19,1,,,,,,,,,,,,,,,,,,
2,सुन्दर,美しい,うつくしい,Tanaka-सान एक सुन्दर व्यक्ति हो,田中さんは（　）人です,田中さんは美しい人です,20,1,,,,,,,,,,,,,,,,,,
2,गम्भीर रूपमा,真面目に,まじめに,श्री टनाका गम्भीरतापूर्वक काम गर्नुहुन्छ।,田中さんは（　）働きます,田中さんは真面目に働きます,21,1,,,,,,,,,,,,,,,,,,
2,शान्त,大人しい,おとなしい,त्यो बच्चा शान्त बच्चा हो।,あの子は（　）子です,あの子は大人しい子です,22,1,,,,,,,,,,,,,,,,,,
2,राम्रो सग,,しっかり,त्यो बच्चाले जे काम पनि राम्रो सग गरिरहेको छ ।,あの子は（　）います,あの子はしっかりしています,23,1,,,,,,,,,,,,,,,,,,
2,अचम्म लाग्यो,驚く,おどろく,म अचम्ममा परें कि ऊ बच्चा भए पनि राम्रो सग गरिरहेको छ ।,子供なのにしっかりしているので、（　）,子供なのにしっかりしているので、驚きました,24,1,,,,,,,,,,,,,,,,,,
3,सन्चो,元気な,げんきな,तपाईलाई कस्तो छ,お（　）ですか,お元気ですか,25,1,,,,,,,,,,,,,,,,,,
3,"कृपाले,",お陰様で,おかげさまで,"कृपाले,  , म ठीक छु।",（　）、元気です。,お陰様で、元気です。,26,1,,,,,,,,,,,,,,,,,,
3,"बित्नु , मर्नु",亡くなる,なくなる,गत वर्ष मेरो हजुरआमा बित्नुभयो।,去年、祖母が（　）ました,去年、祖母が亡くなりました,27,1,,,,,,,,,,,,,,,,,,
3,बानी पर्नु,慣れる,なれる,मलाई जापानी जीवनमा बानी परेको छ,日本の生活に（　）ましたか,日本の生活に慣れました,28,1,,,,,,,,,,,,,,,,,,
3,"हालै, आजभोलि",最近,さいきん,म आजभोलि मेरो पार्टटाइम काममा व्यस्त छु।,（　）、アルバイトで忙しいです,最近、アルバイトで忙しいです,29,1,,,,,,,,,,,,,,,,,,
3,बानी,習慣,しゅうかん,मलाई हरेक दिन हिँड्ने बानी छ।,毎日、散歩するのが（　）です,毎日、散歩するのが習慣です,30,1,,,,,,,,,,,,,,,,,,
3,झगडा,喧嘩する,けんかする,मेरो साथीसँग झगडा भयो।,友達と（　）をしてしまいました,友達と喧嘩をしてしまいました,31,1,,,,,,,,,,,,,,,,,,
3,एक्लो,寂しい,さびしい,म मेरा साथीहरूसग भेट　नभएर एक्लो भयको छु ।,友達と会えなくて、（　）です,友達と会えなくて、寂しいです,32,1,,,,,,,,,,,,,,,,,,
3,भ्रमण गर्नु,訪ねる,なずねる,साथीको घर गएँ,友達の家を（　）ました,友達の家を訪ねました,33,1,,,,,,,,,,,,,,,,,,
3,अनुपस्थिति,留守,るす,मेरो साथी घरमा थिएन ।,友達は（　）でした,友達は留守でした,34,1,,,,,,,,,,,,,,,,,,
3,म चिन्तित छु,心配な,しんぱいな,म मेरो साथीको बारेमा चिन्तित छु,私は友達が（　）です,私は友達が心配です,35,1,,,,,,,,,,,,,,,,,,
3,आश्चर्यचकित हुनु,,びっくりする,मेरो साथी चर्चित हुँदा म छक्क परें।,友達が有名になって、（　）しました,友達が有名になって、びっくりしました,36,1,,,,,,,,,,,,,,,,,,
4,उपहार,お祝い,おいわい,तपाइँ तपाइँको जन्मदिन को लागी के किन्नु हुन्छ?,誕生日の（　）に何を買いますか,誕生日のお祝いに何を買いますか,37,1,,,,,,,,,,,,,,,,,,
4,विचार,,あいでぃあ,तपाईंसँग कुनै राम्रो विचार छ?,何がいい（　）はありませんか,何がいいアイディアはありませんか,38,1,,,,,,,,,,,,,,,,,,
4,उपहार,贈り物,おくりもの,तपाईलाई राम्रो उपहार के हो जस्तो लाग्छ?,（　）は、何がいいと思いますか,贈り物は、何がいいと思いますか,39,1,,,,,,,,,,,,,,,,,,
4,उपहार दिनुहोस्,,ぷれぜんとする,बुबालाई उपहारस्वरूप लुगा दिनेछु।,父への（　）は、服にします,父へのプレゼントするは、服にします,40,1,,,,,,,,,,,,,,,,,,
4,परामर्श,相談する,そうだんする,मैले मेरी आमासँग नीलो वा कालो　 कुन राम्रो हो भनेर छलफल गरें।,青と黒とどちらがいいか、母と（　）します,青と黒とどちらがいいか、母と相談しました,41,1,,,,,,,,,,,,,,,,,,
4,पुग्दैन,足りない,たりない,"मसँग पर्याप्त पैसा छैन, त्यसैले सस्तो तिर जाऔं।",お金が（　）から、安い方にしましょう,お金が足りないから、安い方にしましょう,42,1,,,,,,,,,,,,,,,,,,
4,खुशी हुनु,喜ぶ,よろこぶ,उपहार पाएपछि बुबा खुसी हुनुहुन्थ्यो।,父はプレゼントをもらって（　）ました,父はプレゼントをもらって喜びました,43,1,,,,,,,,,,,,,,,,,,
4,राम्रो,素敵な,すてきな,कति　राम्रो ज्याकेट हो,（　）上着ですね,素敵な上着ですね,44,1,,,,,,,,,,,,,,,,,,
4,अरु कसैले दिनु,,くれる,मेरी छोरीले मलाई यो पोशाक दिनुभयो,娘が私にこの服を（　）ました,娘が私にこの服をくれました,45,1,,,,,,,,,,,,,,,,,,
4,निमन्त्रणा गर्नु,招待する,しょうたいする,पार्टीमा आमन्त्रित,パーティーに（　）されました,パーティーに招待されました,46,1,,,,,,,,,,,,,,,,,,
4,आफुले दिनु,差し上げる,さしあげる,मैले शिक्षकलाई उपहार दिएँ,先生に贈り物を（　）ました,先生に贈り物を差し上げるました,47,1,,,,,,,,,,,,,,,,,,
4,आफुले पाउनु,頂く,いただく,मेरो शिक्षकले मलाई एउटा किताब दिनुभयो,先生に本を（　）ました,先生に本をいただきました,48,1,,,,,,,,,,,,,,,,,,
4,धन्यवाद दिनु,お礼,おれい,मैले शिक्षकलाई धन्यवाद दिएँ,先生に（　）を言いました,先生にお礼を言いました,49,1,,,,,,,,,,,,,,,,,,
5,वेलकम प्रोग्राम,入学式,にゅうがくしき,अप्रिलमा एक वेलकम प्रोग्राम  हुनेछ।,４月に（　）があります,４月に入学式があります,50,1,,,,,,,,,,,,,,,,,,
5,शिक्षा,教育,きょういく,विश्वविद्यालयको शिक्षा ४ वर्षको हुन्छ,大学の（　）は、４年間です,大学の教育は、４年間です,51,1,,,,,,,,,,,,,,,,,,
5,व्याख्या,講義,こうぎ,त्यो व्याख्यान रोचक थियो,あの（　）は面白かったです,あの講義は面白かったです,52,1,,,,,,,,,,,,,,,,,,
5,त्यसैले,,だから,मैले पढेको थिइन। त्यही भएर मैले परीक्षामा राम्रो अंक ल्याउन सकिन ।,勉強をしませんでした。（　）テストで良い点が取れませんでした,勉強をしませんでした。だからテストで良い点が取れませんでした,53,1,,,,,,,,,,,,,,,,,,
5,सकेसम्म,,なるべく,सकेसम्म  बिहान सबेरै उठेर पढ्थेँ ।,朝（　）早く起きて勉強しました,朝なるべく早く起きて勉強しました,54,1,,,,,,,,,,,,,,,,,,
5,मेहनत गरेर,一生懸命,いっしょうけんめい,मैले कडा मेहनत गरेर कान्जी पढेँ,（　）漢字を勉強しました,一生懸命漢字を勉強しました,55,1,,,,,,,,,,,,,,,,,,
5,अन्तमा,,やっと,मैले अन्ततः समस्याको जवाफ बुझें,問題の答えが（　）分かりました,問題の答えがやっと分かりました,56,1,,,,,,,,,,,,,,,,,,
5,यति मात्रै हो、बढि,以上,いじょう,"यदि तपाईंले परीक्षामा 150 अंक वा बढी प्राप्त गर्नुभयो भने, तपाईं विदेशमा अध्ययन गर्न सक्नुहुन्छ।",テストで１５０点（　）取れば、留学できます,テストで１５０点以上取れば、留学できます,57,1,,,,,,,,,,,,,,,,,,
5,जोड्नु,足す,たす,दुई परीक्षणबाट अंकहरूको योगफल 160 अंक हो।,二つのテストの点を（　）と１６０点です,二つのテストの点を足すと１６０点です,58,1,,,,,,,,,,,,,,,,,,
5,अन्तमा,,とうとう,अन्ततः मैले विदेशमा जापानमा अध्ययन गर्ने निर्णय गरें।,（　）日本に留学することになりました,とうとう日本に留学することになりました,59,1,,,,,,,,,,,,,,,,,,
5,"सिनिअर्, आफु भन्दा ठुलो",先輩,せんぱい,मैले विश्वविद्यालयका एक　सिनिअर्　बाट एउटा किताब सापटी  लिएँ।,大学の（　）から本を借りました,大学の先輩から本を借りました,60,1,,,,,,,,,,,,,,,,,,
5,जानु,伺う,うかがう,म मेरो　सिनिअर्र्को घर गएँ।,先輩のお宅に（　）ました,先輩のお宅に伺いました,61,1,,,,,,,,,,,,,,,,,,
5,धेरै समय पछि,久しぶりに,ひさしぶりに,मैले केही समयपछि पहिलो पटक मेरो वरिष्ठलाई भेटें,（　）先輩に会いました,久しぶりに先輩に会いました,62,1,,,,,,,,,,,,,,,,,,
6,गएर आउछु,行って参ります,いってまいります,मैले ‘गएर आउछु ’ भनेँ र घरबाट निस्किएँ।,「（　）」と言って、うちを出ました。,「行って参ります」と言って、うちを出ました,63,1,,,,,,,,,,,,,,,,,,
6,धेरै सुत्नु,寝坊する,ねぼうする,"म बिहान सबेरै उठ्ने योजनामा ​​थिएँ, तर म धेरै निदाएँ।",朝早く起きるつもりでしたが、（　）しました。,朝早く起きるつもりでしたが、寝坊しました,64,1,,,,,,,,,,,,,,,,,,
6,ढिलो हुनु,遅刻する,ちこくする,म ढिला भएँ,（　）してしまいました。,遅刻をしてしまいました,65,1,,,,,,,,,,,,,,,,,,
6,लज्जास्पद,恥ずかしい,はずかしい,म ढिलो भएँ र यो लाजमर्दो थियो।,遅刻して（　）かったです,遅刻して、恥ずかしかったです,66,1,,,,,,,,,,,,,,,,,,
6,दुर्भाग्यपूर्ण,残念な,ざんねんな,पुस्तकालय बन्द हुनु दुःखद् कुरा हो ।,図書館が閉まっていて（　）でした,図書館が閉まっていて、残念でした,67,1,,,,,,,,,,,,,,,,,,
6,प्रयोग गर्नुहोस्,利用する,りようする,पुस्तकालय साँझ ५ बजेसम्म प्र्योग गर्न सकिन्छ ।,図書館は夕方5時まで（　）できます。,図書館は夕方5時まで利用できます,68,1,,,,,,,,,,,,,,,,,,
6,पौडी खेल्ने,水泳,すいえい,म सानो छँदा पौडी खेल्न सिकें।,子供の頃（　）を習っていました。,子供の頃、水泳を習っていました,69,1,,,,,,,,,,,,,,,,,,
6,प्रशंसा,褒める,ほめる,शिक्षकले मेरो प्रशंसा गरे,先生が私を（　）くれました,先生が私を褒めてくれました,70,1,,,,,,,,,,,,,,,,,,
6,डायरी,日記,にっき,मैले मेरो डायरीमा लेखें कि मलाई खुशी लाग्यो।,うれしかったことを、（　）に書きました。,うれしかったことを、日記に書きました,71,1,,,,,,,,,,,,,,,,,,
6,कारण,訳,わけ,"केही कारणले, मैले पौडी खेल्न छोडें।",（　）があって、水泳教室を辞めました。,訳があって、水泳教室を辞めました,72,1,,,,,,,,,,,,,,,,,,
6,धम्की,,いじめる,कान्छो भाइलाई उसको जेठो दाजुले गाली गर्यो र रोयो।,弟は兄に（　）られて、泣きました,弟は兄にいじめられて、泣きました,73,1,,,,,,,,,,,,,,,,,,
6,गाली गर्नु,叱る,しかる,भाइलाई आमाले गाली गर्नुहुन्थ्यो,兄は母に（　）られました,兄は母に叱られました,74,1,,,,,,,,,,,,,,,,,,
7,खेलौना,,おもちゃ,बच्चाहरु को लागि खेलौना किन्न,子供に（　）を買います,子供におもちゃを買います,75,1,,,,,,,,,,,,,,,,,,
7,पसलको मान्छे,店員,てんいん,म पसल क्लर्कलाई खेलौनाहरू कहाँ छन् भनेर सोध्छु।,おもちゃはどこか、（　）に聞いてみます,おもちゃはどこか、店員に聞いてみます,76,1,,,,,,,,,,,,,,,,,,
7,काउन्टर,,レジ,"मैले　काउन्टर मा 3,000 येन तिरें।","（　）で3,000円払いました","レジで3,000円払いました",77,1,,,,,,,,,,,,,,,,,,
7,"फिर्ता, खुल्ला पैसा",お釣り,おつり,मैले फिर्ता पैसा पाउन बिर्सें,（　）をもらうのを忘れました,お釣りをもらうのを忘れました,78,1,,,,,,,,,,,,,,,,,,
7,कम्प्युटर,,パソコン,इलेक्ट्रोनिक्स पसलमा कम्प्युटर　किन्छु ।.,電気屋で（　）を買います,電気屋でパソコンを買います,79,1,,,,,,,,,,,,,,,,,,
7,~ द्वारा बनाईएको,〜製,〜せい,यो कम्प्युटर जापानमा बनेको हो,このパソコンは日本（　）です,このパソコンは日本製です,80,1,,,,,,,,,,,,,,,,,,
7,निर्णय गरियो,決まる,きまる,म के किन्ने निर्णय गर्न सक्दिन,買う物がなかなか（　）ません,買う物がなかなか決まりません,81,1,,,,,,,,,,,,,,,,,,
7,तुलना गर्नुहोस्,比べる,くらべる,दुई कम्प्युटर तुलना　गरे,2台のパソコンを（　）ました,2台のパソコンを比べました,82,1,,,,,,,,,,,,,,,,,,
7,छान्नुहोस्,選ぶ,えらぶ,मैले हल्का कम्प्युटर रोजें।,軽い方のパソコンを（　）ました,軽い方のパソコンを選びました,83,1,,,,,,,,,,,,,,,,,,
7,ऐना,鏡,かがみ,लुगा लगाएर ऐनामा हेरेँ ।,服を着て、（　）で見てみました,服を着て、鏡で見てみました,84,1,,,,,,,,,,,,,,,,,,
7,तपाईलाई राम्रो देखिन्छ,似合う,にあう,यो पोशाक मलाई सुहाउँदैन,この服は私に（　）ません,この服は私に似合いません,85,1,,,,,,,,,,,,,,,,,,
7,व्यापार को लागी खुला,営業する,えいぎょうする,यो पसल बेलुका ८ बजेसम्म खुला रहन्छ,この店は夜8時まで（　）しています,この店は夜8時まで営業しています,86,1,,,,,,,,,,,,,,,,,,
7,स्टोर खुल्छ,店が開く,みせがひらく,यो पसल बेलुका ८ बजेसम्म खुल्छ।,この店は夜8時まで（　）ています,この店は夜8時まで店が開いています,87,1,,,,,,,,,,,,,,,,,,
8,खाली हुन,空く,すく,मलाई भोक लागेको छ।,おなかが（　）ましたね,おなかがすきましたね,88,1,,,,,,,,,,,,,,,,,,
8,खाना खानु,食事する,しょくじする,के तपाई खाना खान बाहिर जान चाहनुहुन्छ?,（　）に行きませんか,食事に行きませんか,89,1,,,,,,,,,,,,,,,,,,
8,"बिस्तारै बिस्तारै , अब एकैछिन मा",,そろそろ,बिस्तारै बिस्तारै खाजा खाऔं,（　）昼ご飯にしましょう,そろそろ昼ご飯にしましょう,90,1,,,,,,,,,,,,,,,,,,
8,क्यान्टिन,食堂,しょくどう,के तपाई विश्वविद्यालयको क्यान्टिन मा जान चाहनुहुन्छ?,大学の（　）に行きませんか,大学の食堂に行きませんか,91,1,,,,,,,,,,,,,,,,,,
8,भीडभाड,混む,こむ,क्यान्टिन  भीड छ,食堂は（　）でいます,食堂は混んでいます,92,1,,,,,,,,,,,,,,,,,,
8,नरम,柔らかい,やわらかい,यो रोटी नरम छ,このパンは（　）ですね,このパンは柔らかいですね,93,1,,,,,,,,,,,,,,,,,,
8,सार्हो,固い,かたい,यो मासु सार्हो छ,この肉は（　）です,この肉は固いです,94,1,,,,,,,,,,,,,,,,,,
8,स्वाद छ,味がする,あじがする,यो परिकार अनौठो स्वाद छ,この料理は変な（　）ます,この料理は変な味がします,95,1,,,,,,,,,,,,,,,,,,
8,चपाउने,噛む,かむ,खानु अघि सबै कुरा राम्ररी चपाउनुहोस्,何でもよく（　）で食べましょう,何でもよくかんで食べましょう,96,1,,,,,,,,,,,,,,,,,,
8,असम्भव,無理な,むりな,यति धेरै खान असम्भव छ,こんなにたくさん食べるのは（　）です,こんなにたくさん食べるのは無理です,97,1,,,,,,,,,,,,,,,,,,
8,पूर्ण,,いっぱい,म पहिले नै　अघाईसकेको छु,もうおなかが（　）です,もうおなかがいっぱいです,98,1,,,,,,,,,,,,,,,,,,
8,जतिसुकै भए पनि,,いくら～ても,जति खाए पनि चाँडै भोक लाग्छ ।,（　）食べても、すぐにおなかがすきます,いくら食べても、すぐにおなかがすきます,99,1,,,,,,,,,,,,,,,,,,
9,तयार गर्ने,支度する,したくする,लंच तयार गरौं,昼ご飯の（　）をしましょう,昼ご飯の支度をしましょう,100,1,,,,,,,,,,,,,,,,,,
9,व्याख्या गर्नुहोस्,説明する,せつめいする,म खाना कसरी बनाउने भनेर वर्णन गर्नेछु,料理の作り方を（　）します,料理の作り方を説明します,101,1,,,,,,,,,,,,,,,,,,
9,तयार गर्ने,準備する,じゅんびする,मैले करी बनाउनका लागि सामग्री तयार गरें।,カレーを作る材料を（　）しました,カレーを作る材料を準備しました,102,1,,,,,,,,,,,,,,,,,,
9,राम्रोसँग（सानो वा मसिनो,細かく,こまかく,कृपया तरकारी राम्ररी काट्नुहोस्,野菜を（　）切ってください,野菜を細かく切ってください,103,1,,,,,,,,,,,,,,,,,,
9,फोहोर हुनु,汚れる,よごれる,"मेरा हातहरू फोहोर छन्, त्यसैले म धुन्छु।",手が（　）たので、洗います,手が汚れたので、洗います,104,1,,,,,,,,,,,,,,,,,,
9,उमाल्नु,沸かす,わかす,कृपया पानी उमाल्नुहोस्,お湯を（　）してください,お湯を沸かしてください,105,1,,,,,,,,,,,,,,,,,,
9,फिट、मिल्नु,合う,あう,सलाद करी संग मिल्छ ।,カレーにはサラダが（　）ます,カレーにはサラダが合います,106,1,,,,,,,,,,,,,,,,,,
9,रिजर्भेसन गर्नु,予約する,よやくする,रेस्टुरेन्ट रिजर्भेसन गर्नुहोस्,レストランを（　）しましょう,レストランを予約しましょう,107,1,,,,,,,,,,,,,,,,,,
9,खाली हुन,空く,すく,रेस्टुरेन्ट खाली थियो,レストランは（　）ていました,レストランはすいていました,108,1,,,,,,,,,,,,,,,,,,
9,भीडभाड,混む,こむ,रेस्टुरेन्टमा भीड थियो,レストランは（　）いました,レストランは混んでいました,109,1,,,,,,,,,,,,,,,,,,
9,मैले बुझें,,かしこまりました,"ग्राहक: कृपया मलाई कफी चाहियो।
लिपिक: काशीकोमारिमासु","客：コーヒーをお願いします
店員：（　）","客：コーヒーをお願いします
店員：かしこまりました",110,1,,,,,,,,,,,,,,,,,,
9,मूल्य,値段,ねだん,यस पसलमा  मूल्य　सस्तो छ ।,この店は（　）が安いです,この店は値段が安いです,111,1,,,,,,,,,,,,,,,,,,
9,भुक्तान,払う,はらう,मैले　काउन्टरमा भुक्तानी गरें,レジでお金を（　）ました,レジでお金を払いました,112,1,,,,,,,,,,,,,,,,,,
10,सुरक्षित,安全な,あんぜんな,यो शहर सुरक्षित र बस्न सजिलो छ,この町は（　）で住みやすいです,この町は安全で住みやすいです,113,1,,,,,,,,,,,,,,,,,,
10,असुविधाजनक,不便な,ふべんな,"पसलबाट टाढा छ, किनमेल गर्न असुविधाजनक छ।",店から遠くて、買い物に（　）です,店から遠くて、買い物に不便です,114,1,,,,,,,,,,,,,,,,,,
10,~ तल,〜以下,いか,"कोठा ठूलो भए पनि भाडा ५०,००० येन भन्दा कम छ।",広い部屋ですが、家賃は5万円（　）です,広い部屋ですが、家賃は5万円以下です,115,1,,,,,,,,,,,,,,,,,,
10,~ वा बढी,〜以上,いじょう,कोठा सानो भए पनि भाडा १० लाख येनभन्दा बढी छ ।,狭い部屋ですが、家賃は100万円（　）です,狭い部屋ですが、家賃は100万円以上です,116,1,,,,,,,,,,,,,,,,,,
10,छत,屋上,おくじょう,तपाईं छतबाट समुद्र देख्न सक्नुहुन्छ,（　）から海が見えます,屋上から海が見えます,117,1,,,,,,,,,,,,,,,,,,
10,पालनपोषण,育てる,そだてる,बगैंचामा फूलहरू लगाइएको छ ।,庭で花を（　）ています,庭で花を育てています,118,1,,,,,,,,,,,,,,,,,,
10,सजाउनु,飾る,かざる,मैले टेबललाई फूलले सजाइदिएँ,テーブルに花を（　）ました,テーブルに花を飾りました,119,1,,,,,,,,,,,,,,,,,,
10,सफा गर्नु,片付ける,かたづける,मैले मेरो कोठा सफा गरें,自分の部屋を（　）ました,自分の部屋を片付けました,120,1,,,,,,,,,,,,,,,,,,
10,फाल्नु,捨てる,すてる,मैले नचाहिने चीजहरू फ्याँकिदिएँ,いらない物を（　）ました,いらない物を捨てました,121,1,,,,,,,,,,,,,,,,,,
10,भित्ता,壁,かべ,भित्तामा तस्विर कोरें,（　）に絵をかけました,壁に絵をかけました,122,1,,,,,,,,,,,,,,,,,,
10,रंगलगाउनु,塗る,ぬる,भित्ताहरू मा सेतो रङ लगाइयो ।,壁を白く（　）ました,壁を白く塗りました,123,1,,,,,,,,,,,,,,,,,,
10,घरा,引き出し,ひきだし,दराज खुल्दैन,（　）が開きません,引き出しが開きません,124,1,,,,,,,,,,,,,,,,,,
10,ठीक गर्नुहोस्（बिग्रेको चिज बनाउनु । ）,直す,なおす,मैले भाँचिएको दराज बनाए,壊れた引き出しを（　）ました,壊れた引き出しを直しました,125,1,,,,,,,,,,,,,,,,,,
11,यातायात,交通,こうつう,यो शहर यातायातमा　सुविधाजनक  छ,この町は（　）が便利です,この町は交通が便利です,126,1,,,,,,,,,,,,,,,,,,
11,धेरै,多い,おおい,यो बाटोमा धेरै गाडीहरु छन्,この道は車が（　）です,この道は車が多いです,127,1,,,,,,,,,,,,,,,,,,
11,डराएको,怖い,こわい,त्यो बाटो रातमा अँध्यारो र डरलाग्दो हुन्छ।,その道は夜、暗くて（　）です,その道は夜、暗くて怖いです,128,1,,,,,,,,,,,,,,,,,,
11,"यसबाहेक,",,それに,"त्यो बाटो साँघुरो छ । साथै, यो अँध्यारो र खतरनाक छ।",その道は狭いです。（　）、暗くて危ないです,その道は狭いです。それに、暗くて危ないです,129,1,,,,,,,,,,,,,,,,,,
11,अगाडि बढ्नु,進む,すすむ,"यो खतरनाक छ, त्यसैले बिस्तारै जानुहोस्।",危ないので、ゆっくり（　）ます,危ないので、ゆっくり進みます,130,1,,,,,,,,,,,,,,,,,,
11,"
उकालो",坂,さか,यो सहरमा धेरै उकालो हरू छन्,この町は（　）が多いです,この町は坂が多いです,131,1,,,,,,,,,,,,,,,,,,
11,लिन जानु,迎える,むかえる,म मेरो साथीलाई लिन एयरपोर्ट जाँदैछु।,友達を（　）に空港へ行きます,友達を迎えに空港へ行きます,132,1,,,,,,,,,,,,,,,,,,
11,एक्सप्रेस,急行,きゅうこう,"यदि तपाईं एयरपोर्ट जान चाहनुहुन्छ भने, एक्सप्रेस ट्रेन सुविधाजनक छ।",空港へ行くなら、（　）が便利です,空港へ行くなら、急行が便利です,133,1,,,,,,,,,,,,,,,,,,
11,जानु,出発する,しゅっぱつする,बस यहाँबाट छुट्छ,バスは、ここから（　）します,バスは、ここから出発します,134,1,,,,,,,,,,,,,,,,,,
11,केहि समय अघि,,さっき,बस भर्खरै छुटेको छ,バスは、（　）出発しました,バスは、さっき出発しました,135,1,,,,,,,,,,,,,,,,,,
11,खाली,空く,あく,"सिट खाली छ, बसौं।",席が（　）いたので、座りましょう,席が空いたので、座りましょう,136,1,,,,,,,,,,,,,,,,,,
11,निर्माण कार्य गर्न,工事する,こうじする,विमानस्थलको भवन निर्माणको काम भइरहेको छ ।,空港は建物の（　）をしています,空港は建物の工事をしています,137,1,,,,,,,,,,,,,,,,,,
12,चाँडै,,もうすぐ,गर्मी बिदा चाँडै आउँदैछ,（　）夏休みです,もうすぐ夏休みです,138,1,,,,,,,,,,,,,,,,,,
12,योजना,計画する,けいかくする,यात्राको योजना बनाएको थिए,旅行の（　）を立てました,旅行の計画を立てました,139,1,,,,,,,,,,,,,,,,,,
12,तयार गर्ने,用意する,よういする,मैले मेरो सामान तयार गरें।,荷物の（　）をしました,荷物の用意をしました,140,1,,,,,,,,,,,,,,,,,,
12,झ्याउ गर्नु,邪魔に,じゃまに,"यदि तपाईंले आफ्नो सामान यहाँ राख्नुभयो भने, झ्याउ  गर्न सक्छ ।",荷物をここに置くと、（　）なります,荷物をここに置くと、邪魔になります,141,1,,,,,,,,,,,,,,,,,,
12,बोक्ने,運ぶ,はこぶ,कृपया आफ्नो सामान त्यहाँ लैजानुहोस्।,あそこに荷物を（　）でください,あそこに荷物を運んでください,142,1,,,,,,,,,,,,,,,,,,
12,स्मारिका,お土産,おみやげ,यो एक यात्रा स्मारिका हो,これは旅行の（　）です,これは旅行のお土産です,143,1,,,,,,,,,,,,,,,,,,
12,दृश्यहरू,景色,けしき,पहाडको टुप्पोबाट सुन्दर दृश्य देख्न सकिन्छ,山の上からきれいな（　）が見られます,山の上からきれいな景色が見られます,144,1,,,,,,,,,,,,,,,,,,
12,दुर्लभ,珍しい,めずらしい,यस पहाडमा दुर्लभ जनावरहरू छन्,この山には、（　）動物がいます,この山には、珍しい動物がいます,145,1,,,,,,,,,,,,,,,,,,
12,नक्सा,地図,ちず,नक्सा हेर्दै जान्छु ।,（　）を見ながら行きます,地図を見ながら行きます,146,1,,,,,,,,,,,,,,,,,,
12,स्पर्श,触る,さわる,कृपया संग्रहालयमा भएका चित्रहरूलाई नछुनुहोस्,美術館の絵には（　）ないでください,美術館の絵には触らないでください,147,1,,,,,,,,,,,,,,,,,,
12,प्रतिलिपि,写す,うつす,कृपया आफ्नो क्यामेराले त्यो तस्विरको फोटो नलिनुहोस्।,その絵はカメラで（　）ないでください,その絵はカメラで写さないでください,148,1,,,,,,,,,,,,,,,,,,
12,हल्ला गर्नु,騒ぐ,さわぐ,कृपया यहाँ हल्ला  नगर्नुहोस्,ここでは（　）ないでください,ここでは騒がないでください,149,1,,,,,,,,,,,,,,,,,,
13,कोलाहल,,うるさい,छेउको कोठामा भएको व्यक्तिले　हल्ला भयो भनेर  मलाई चेतावनी दियो ।,隣の部屋の人に「（　）」と注意されました,隣の部屋の人に「うるさい」と注意されました,150,1,,,,,,,,,,,,,,,,,,
13,माफी माग्नु,謝る,あやまる,मैले त्यो व्यक्तिसँग माफी मागेँ,私はその人に（　）ました,私はその人に謝りました,151,1,,,,,,,,,,,,,,,,,,
13,आवाज,音,おと,मैले टिभीको आवाज घटाएँ,テレビの（　）を小さくしました,テレビの音を小さくしました,152,1,,,,,,,,,,,,,,,,,,
13,भेटियो,見つかる,みつかる,वालेट फेला परेन,財布が（　）ません,財布が見つかりません,153,1,,,,,,,,,,,,,,,,,,
13,चोरी,盗む,ぬすむ,मेरो पर्स चोरी भयो,財布を（　）れました,財布を盗まれました,154,1,,,,,,,,,,,,,,,,,,
13,चिप्लिनु,滑る,すべる,मेरो खुट्टा हिउँमा चिप्लियो,雪で足が（　）ってしまいました,雪で足が滑ってしまいました,155,1,,,,,,,,,,,,,,,,,,
13,ठोकिनु,打つ,うつ,टाउकोमा ठोकियो र अस्पताल गएँ ।,頭を（　）って病院へ行きました,頭を打って病院へ行きました,156,1,,,,,,,,,,,,,,,,,,
13,बिग्रनु,故障する,こしょうする,ट्रेन बिग्रियो,電車が（　）しました,電車が故障しました,157,1,,,,,,,,,,,,,,,,,,
13,दुर्घटना,事故,じこ,रेल दुर्घटना भयो,電車の（　）がありました,電車の事故がありました,158,1,,,,,,,,,,,,,,,,,,
13,सार्नुहोस्、चल्नु,動く,うごく,दुर्घटनाका कारण रेल चलिरहेको छैन ।,事故で電車が（　）いていません,事故で電車が動いていません,159,1,,,,,,,,,,,,,,,,,,
13,कारण,原因,げんいん,दुर्घटनाको कारण भने अझै खुल्न सकेको छैन,事故の（　）は、まだ分かりません,事故の原因は、まだ分かりません,160,1,,,,,,,,,,,,,,,,,,
13,ढिलो हुनु,遅れる,おくれる,ट्रेन ३० मिनेट ढिलो भएको थियो,30分も電車が（　）ました,30分も電車が遅れました,161,1,,,,,,,,,,,,,,,,,,
14,निमन्त्रणा,誘う,さそう,एक साथीलाई डिनरमा बोलाउछु ।,友達を食事に（　）ます,友達を食事に誘います,162,1,,,,,,,,,,,,,,,,,,
14,प्रत्यक्ष,直接,ちょくせつ,म मेरो साथीलाई सिधै सोध्छु,友達に（　）、聞いてみます,友達に直接、聞いてみます,163,1,,,,,,,,,,,,,,,,,,
14,अलिकति,,ちょっと,"A: के तपाई बाहिर खान जान चाहनुहुन्छ? B: मैले मेरो गृहकार्य पूरा गरेको छैन, त्यसैले...",A：食事に行きませんか。B：宿題が終わらないので、（　）…,A：食事に行きませんかB：宿題が終わらないので、ちょっと…,164,1,,,,,,,,,,,,,,,,,,
14,अवस्था,都合,つごう,आज मेरो मुड राम्रो छैन।,今日は（　）が悪いんです,今日は都合が悪いんです,165,1,,,,,,,,,,,,,,,,,,
14,सकेसम्म,,ぜひ,सकेसम्म　यसपटक सँगै जाऔं,今度は（　）、一緒に行きましょう,今度はぜひ、一緒に行きましょう,166,1,,,,,,,,,,,,,,,,,,
14,आफ्नै काम,用事,ようじ,"आफ्नै काम छ, त्यसैले म जान सक्दिन।",明日は（　）があるので、行けません,明日は用事があるので、行けません,167,1,,,,,,,,,,,,,,,,,,
14,राम्रो छैन、सक्दिन,駄目な,だめな,म यो हप्ता व्यस्त छु त्यसैले म सक्दिन।,今週は、忙しいから（　）んです,今週は、忙しいから駄目なんです,168,1,,,,,,,,,,,,,,,,,,
14,मलाई कुनै आपत्ति छैन,構いません,かまいません,के  अर्को हप्ता भयनी हुन्छ ?,来週でも（　）か,来週でもかまいませんか,169,1,,,,,,,,,,,,,,,,,,
14,सम्पर्क गर्नुहोस्,連絡する,れんらくする,म घर पुगेपछी इमेल मार्फत सम्पर्क गर्नेछु।,うちに帰ったら、メールで（　）します,うちに帰ったら、メールで連絡します,170,1,,,,,,,,,,,,,,,,,,
14,प्रतिज्ञा,約束する,やくそくする,मैले साथीलाई भेट्ने बाचा गरें,友達と会う（　）をしました,友達と会う約束をしました,171,1,,,,,,,,,,,,,,,,,,
14,समयमा नपुग्नु,間に合う,まにあう,तपाईंले वाचा गरे अनुसार समयमै गर्न नसक्ने हुन सक्छ,約束の時間に（　）ないかもしれません,約束の時間に間に合わないかもしれません,172,1,,,,,,,,,,,,,,,,,,
14,दोस्रो विचार मा,,やっぱり,मेरो साथी ढिलो भयो।,友達は（　）時間に遅れてきました,友達はやっぱり時間に遅れてきました,173,1,,,,,,,,,,,,,,,,,,
15,फस्टाउँदै　लोकप्रिय,盛んな,さかんな,खेलकुद मेरो देशमा लोकप्रिय छ,私の国はスポーツが（　）です,私の国はスポーツが盛んです,174,1,,,,,,,,,,,,,,,,,,
15,नियम,,ルール,के तपाईलाई फुटबलको नियम थाहा छ?,サッカーの（　）を知っていますか,サッカーのルールを知っていますか,175,1,,,,,,,,,,,,,,,,,,
15,अनुमान लगाउनु,競争する,きょうそうする,कुन टोलीले सबैभन्दा बढी अंक प्राप्त गर्न सक्छ भनेर अनुमान लगाउनु,どちらのチームが多く点を取れるか、（　）します,どちらのチームが多く点を取れるか、競争します,176,1,,,,,,,,,,,,,,,,,,
15,खेल,試合,しあい,के तपाई जापान र ब्राजिल बिचको खेल हेर्न जान चाहनुहुन्छ ?,日本とブラジルの（　）を見に行きませんか,日本とブラジルの試合を見に行きませんか,177,1,,,,,,,,,,,,,,,,,,
15,टिकट,,ちけっと,खेल हेर्नको लागि टिकट चाहिन्छ।,試合を見るのに、（　）がいります,試合を見るのに、チケットがいります,178,1,,,,,,,,,,,,,,,,,,
15,जसरिपनि,必ず,かならず,जसरिपनि टिकट खरिद गर्नहोस्,チケットを（　）買っておいてください,チケットを必ず買っておいてください,179,1,,,,,,,,,,,,,,,,,,
15,रोक्नु,止める,とめる,तपाईं आफ्नो कार प्रवेश द्वार नजिकै पार्क गर्न सक्नुहुन्न।,入口の近くには、車を（　）れません,入口の近くには、車を止められません,180,1,,,,,,,,,,,,,,,,,,
15,रद्द गर्नु,中止する,ちゅうしする,पानी परे पनि खेल रद्द हुने छैन,雨でも、試合は（　）になりません,雨でも、試合は中止になりません,181,1,,,,,,,,,,,,,,,,,,
15,पानी पर्न  रोकिनु,止む,やむ,खेल सुरु हुँदा पानी रोकियो ।,試合が始まると、雨が（　）ました,試合が始まると、雨がやみました,182,1,,,,,,,,,,,,,,,,,,
15,बीचमा,途中,とちゅう,खेल चलिरहँदा पानी पर्न थाल्यो,試合の（　）で、雨が降ってきました,試合の途中で、雨が降ってきました,183,1,,,,,,,,,,,,,,,,,,
15,जित्नु,勝つ,かつ,"जापान कमजोर छ, त्यसैले मलाई लाग्दैन कि उसले जित्न सक्छ।",日本は弱いので、（　）てないと思います,日本は弱いので、勝てないと思います,184,1,,,,,,,,,,,,,,,,,,
15,हराउनु,負ける,まける,हारे पनि खेल रमाइलो थियो ।,（　）ましたが、試合は楽しかったです,負けましたが、試合は楽しかったです,185,1,,,,,,,,,,,,,,,,,,
16,सुख्खा,乾く,かわく,"मौसम राम्रो छ, त्यसैले लुगा राम्रोसँग सुक्छ।",天気がいいので、洗濯物がよく（　）ます,天気がいいので、洗濯物がよく乾きます,186,1,,,,,,,,,,,,,,,,,,
16,घाम अस्ताउनु,暮れる,くれる,"शरद ऋतुमा, सूर्य पहिले नै अस्ताउँछ।",秋は日が（　）時間が早くなります,秋は日が暮れる時間が早くなります,187,1,,,,,,,,,,,,,,,,,,
16,विशेष गरी,特に,とくに,यो जाडो विशेष गरी जाडो छ,今年の冬は（　）寒いですね,今年の冬は特に寒いですね,188,1,,,,,,,,,,,,,,,,,,
16,चिसो हुनु,冷える,ひえる,"जाडो छ, त्यसैले मेरो शरीर चिसो छ।",寒いので、体が（　）ました,寒いので、体が冷えました,189,1,,,,,,,,,,,,,,,,,,
16,तातो,暖房,だんぼう,"चिसो छ, त्यसैले मैले हीटर अन गरें।",寒いので、（　）をつけました,寒いので、暖房をつけました,190,1,,,,,,,,,,,,,,,,,,
16,छाता खोल्नु,傘をさす,かさをさす,"पानी परिरहेको थियो, त्यसैले मैले छाता निकालें",雨なので、（　）ました,雨なので、傘をさしました,191,1,,,,,,,,,,,,,,,,,,
16,पल्टिनु,倒れる,たおれる,तेज हावाको कारण मेरो साइकल पल्टिएको थियो,強い風で、自転車が（　）ました,強い風で、自転車が倒れました,192,1,,,,,,,,,,,,,,,,,,
16,भाचिनु,折れる,おれる,आँधीको समयमा रूखको हाँगा भाँचियो र उड्यो।,台風で木の枝が（　）て、飛んで行きました,台風で木の枝が折れて、飛んで行きました,193,1,,,,,,,,,,,,,,,,,,
16,रोप्नु,植える,うえる,मैले पहाडमा रूख रोपें,山に木を（　）ました,山に木を植えました,194,1,,,,,,,,,,,,,,,,,,
16,गहिरो,深い,ふかい,"यो नदी गहिरो छ, कृपया सावधान रहनुहोस्",この川は（　）ので、気を付けてください,この川は深いので、気を付けてください,195,1,,,,,,,,,,,,,,,,,,
16,राय,意見,いけん,तपाईंसँग कुनै टिप्पणी छ?,何かご（　）はありますか,何かご意見はありますか,196,1,,,,,,,,,,,,,,,,,,
16,विरुद्ध हो,反対する,はんたいする,म श्री तानाकाको विचारसँग असहमत छु।,田中さんの意見には、（　）です,田中さんの意見には、反対です,197,1,,,,,,,,,,,,,,,,,,
17,मेहेनत का साथ,熱心に,ねっしんに,सबैले मिहिनेत गरेर अध्ययन गरिरहेका छन्,みんな（　）勉強しています,みんな熱心に勉強しています,198,1,,,,,,,,,,,,,,,,,,
17,उपयोगी,役に立つ,やくにたつ,यो पुस्तक अध्ययन गर्न उपयोगी छ,この本は勉強の（　）ます,この本は勉強の役に立ちます,199,1,,,,,,,,,,,,,,,,,,
17,अर्थ,意味,いみ,यो शब्दको अर्थ बुझ्नुभयो ?,この言葉の（　）が分かりますか,この言葉の意味が分かりますか,200,1,,,,,,,,,,,,,,,,,,
17,खोज्नु,調べる,しらべる,शब्दकोश प्रयोग गरेर अर्थ खोज्नुहोस्,辞書を使って意味を（　）ます,辞書を使って意味を調べます,201,1,,,,,,,,,,,,,,,,,,
17,सङ्कलन、जम्मा गर्नु,集める,あつめる,गृहकार्य सङ्कलन　गर्छु ।,宿題を（　）ます,宿題を集めます,202,1,,,,,,,,,,,,,,,,,,
17,बुझाउनु,出す,だす,कृपया मलाई हिजोको गृहकार्य बुझाउनु होस्,昨日の宿題を（　）してください,昨日の宿題を出してください,203,1,,,,,,,,,,,,,,,,,,
17,विनम्रतापूर्वक,丁寧に,ていねいに,कृपया थप ध्यान दिएर लेख्नुहोस्,もっと（　）字を書いてください,もっと丁寧に書いてください,204,1,,,,,,,,,,,,,,,,,,
17,लगभग छैन,,ほとんど〜ない,मैले शिक्षकका धेरैजसो प्रश्नहरू बुझ्न सकिन।,先生の質問が（　）分かりませんでした,先生の質問がほとんど分かりませんでした,205,1,,,,,,,,,,,,,,,,,,
17,फेरि एक पटक,もう一度,もういちど,"माफ गर्नुहोस्, कृपया फेरि भन्नुहोस्",すみません、（　）言ってください,すみません、もう一度言ってください,206,1,,,,,,,,,,,,,,,,,,
17,बिस्तारै,,ゆっくり,कृपया अलि बिस्तारै बोल्नुहोस्,もう少し（　）と話してください,もう少しゆっくりと話してください,207,1,,,,,,,,,,,,,,,,,,
17,स्पष्ट रूपमा,,はっきり,अझ स्पष्ट रूपमा भन्नुहोस्,もっと（　）と言ってください,もっとはっきりと言ってください,208,1,,,,,,,,,,,,,,,,,,
17,सजिलो,簡単な,かんたんな,परीक्षा सजिलो थियो,テストは（　）でした,テストは簡単でした,209,1,,,,,,,,,,,,,,,,,,
17,गल्ती　गर्नु वा बिगार्नु,間違える,まちがえる,मैले परीक्षणमा कान्जी बिगारे,テストで漢字を（　）ました,テストで漢字を間違えました,210,1,,,,,,,,,,,,,,,,,,
18,छिटै छिटै,,どんどん,मेरो जापनिज भाषा　छिटै छिटै  राम्रोभयो。,日本語が（　）うまくなりました,日本語がどんどんうまくなりました,211,1,,,,,,,,,,,,,,,,,,
18,परीक्षा,試験,しけん,मेरो अर्को हप्ता महत्त्वपूर्ण परीक्षा छ।,来週、大切な（　）があります,来週、大切な試験があります,212,1,,,,,,,,,,,,,,,,,,
18,त्यसैले,,それで,मेरो परीक्षा छ। त्यसैले पढ्दै छु,試験があります。（　）、勉強しています,試験があります。それで、勉強しています,213,1,,,,,,,,,,,,,,,,,,
18,स्थल,会場,かいじょう,यो कक्षाकोठा परीक्षा स्थल हो।,この教室が試験の（　）です,この教室が試験の会場です,214,1,,,,,,,,,,,,,,,,,,
18,बताउनुहोस्,伝える,つたえる,मैले मेरो शिक्षकलाई भने  म जापानमा विदेशमा पढ्न चाहन्छु　भने।,日本に留学したいと先生に（　）ました,日本に留学したいと先生に伝えました,215,1,,,,,,,,,,,,,,,,,,
18,अनुभव,経験する,けいけんする,म जापान गएर विभिन्न अनुभवहरु लिन चाहन्छु ।,日本に行って、いろいろな（　）をしたいです,日本に行って、色々な経験をしたいです,216,1,,,,,,,,,,,,,,,,,,
18,संस्कृति,文化,ぶんか,म जापानी संस्कृति बारे जान्न चाहन्छु,日本の（　）について知りたいです,日本の文化について知りたいです,217,1,,,,,,,,,,,,,,,,,,
18,उपयुक्त,適当な,てきとうな,म जापानी संस्कृतिको बारेमा जान्नको लागि उपयुक्त पुस्तक खोज्दै छु।,日本文化を知るのに（　）本を探しています,日本文化を知るのに適当な本を探しています,218,1,,,,,,,,,,,,,,,,,,
18,सम्बन्ध,関係,かんけい,भाषा र संस्कृति बीचको सम्बन्धको खोजी गर्दै　छु,言葉と文化の（　）を調べています,言葉と文化の関係を調べています,219,1,,,,,,,,,,,,,,,,,,
18,रिपोर्ट,,レポート,मैले जापानी उपन्यासहरूको बारेमा रिपोर्ट लेखें।,日本の小説について（　）を書きました,日本の小説についてレポートを書きました,220,1,,,,,,,,,,,,,,,,,,
18,अनुवाद गर्नुहोस्,翻訳する,ほんやくする,जापानीबाट अंग्रेजीमा अनुवाद गरिएको,日本語を英語に（　）しました,日本語を英語に翻訳しました,221,1,,,,,,,,,,,,,,,,,,
18,जारी राख्नुहोस्,続ける,つづける,म जापानी भाषा अध्ययन जारी राख्छु,これからも日本語の勉強を（　）ます,これからも日本語の勉強を続けます,222,1,,,,,,,,,,,,,,,,,,
19,कारखाना,工場,こうじょう,यो कार कारखाना हो,ここは自動車の（　）です,ここは自動車の工場です,223,1,,,,,,,,,,,,,,,,,,
19,गाइड,案内する,あんないする,ग्राहकहरूलाई　कारखाना वरपर   देखाउँदै　छु,お客さんに工場を（　）します,お客さんに工場を案内します,224,1,,,,,,,,,,,,,,,,,,
19,भ्रमण गर्नुहोस्,見学する,けんがくする,हामीले भियतनामको एउटा कारखानाको भ्रमण गयौं,ベトナムの工場を（　）しました,ベトナムの工場を見学しました,225,1,,,,,,,,,,,,,,,,,,
19,प्रविधि,技術,ぎじゅつ,यो कारखानाले नयाँ प्रविधि प्रयोग गरेको छ,この工場では、新しい（　）を使っています,この工場では、新しい技術を使っています,226,1,,,,,,,,,,,,,,,,,,
19,खतरा,危険,きけん,"यो खतरनाक छ, त्यसैले कृपया यसलाई नछुनुहोस्।",（　）なので、触らないでください,危険なので、触らないでください,227,1,,,,,,,,,,,,,,,,,,
19,असभ्य,失礼な,しつれいな,अशिष्ट नहोस् सावधान रहनुहोस्,（　）ことをしないように気を付けます,失礼なことをしないように気を付けます,228,1,,,,,,,,,,,,,,,,,,
19,पठाउनुहोस्,送る,おくる,मैले श्री यमादालाई धन्यवाद पत्र पठाएँ।,山田さんにお礼の手紙を（　）ました,山田さんにお礼の手紙を送りました,229,1,,,,,,,,,,,,,,,,,,
19,बैठक,会議,かいぎ,भोलि बैठक छ,明日、（　）があります,明日、会議があります,230,1,,,,,,,,,,,,,,,,,,
19,ठाउँ,場所,ばしょ,के तपाईलाई थाहा छ बैठक कहाँ छ?,会議の（　）はどこか、知っていますか,会議の場所はどこか、知っていますか,231,1,,,,,,,,,,,,,,,,,,
19,वा,,または,हामीलाई ईमेल वा फोन मार्फत सम्पर्क गर्नुहोस्,メール（　）電話で連絡します,メールまたは電話で連絡します,232,1,,,,,,,,,,,,,,,,,,
19,जाँच गर्नुहोस्,,チェックする,मैले  इमेल चेक गरें,メールを（　）しました,メールをチェックしました,233,1,,,,,,,,,,,,,,,,,,
19,सट्टामा,代わりに,かわりに,म प्रबन्धकको सट्टामा  बैठकमा उपस्थित भए।,部長の（　）、私が会議に出ました,部長の代わりに、私が会議に出ました,234,1,,,,,,,,,,,,,,,,,,
19,~ बाहेक,〜以外,〜いがい,बैठकमा प्रबन्धक बाहेक सबै उपस्थित थिए ।,部長（　）は、みんな会議に出ました,部長以外は、みんな会議に出ました,235,1,,,,,,,,,,,,,,,,,,
20,गर्मी,熱,ねつ,"तपाईंको शरीर तातो छ, त्यसैले तपाईंलाई ज्वरो आउन सक्छ।",体が熱いので、（　）があるかもしれません,体が熱いので、熱があるかもしれません,236,1,,,,,,,,,,,,,,,,,,
20,घाँटी,喉,のど,मेरो घाँटी दुखेको छ,（　）が痛いです,喉が痛いです,237,1,,,,,,,,,,,,,,,,,,
20,तीतो,苦い,にがい,यो औषधि तीतो छ,この薬は（　）です,この薬は苦いです,238,1,,,,,,,,,,,,,,,,,,
20,निद्रा लागेको,眠い,ねむい,औषधि खाएपछि निद्रा लाग्न थाल्यो ।,薬を飲んだら（　）くなりました,薬を飲んだら眠くなりました,239,1,,,,,,,,,,,,,,,,,,
20,बन्द,閉じる,とじる,मलाई निन्द्रा लाग्यो र आँखा बन्द गरें,眠くなって、目を（　）ました,眠くなって、目を閉じました,240,1,,,,,,,,,,,,,,,,,,
20,बिरामी भेट्नु,お見舞い,おみまい,म बिरामी साथीलाई भेट्न गएँ।,病気の友達の（　）に行きました,病気の友達のお見舞いに行きました,241,1,,,,,,,,,,,,,,,,,,
20,ख्याल राख्नुहोस्,お大事に,おだいじに,"मैले मेरो साथीलाई भनें, ""ख्याल राख।""",友達に「（　）」と言いました,友達に「お大事に」と言いました,242,1,,,,,,,,,,,,,,,,,,
20,सन्चो हुनु,治る,なおる,मेरो साथीको रोग निको भयो,友達の病気が（　）ました,友達の病気が治りました,243,1,,,,,,,,,,,,,,,,,,
20,अस्पतालबाट डिस्चार्ज हुन,退院する,たいいんする,मेरो साथी अस्पतालबाट डिस्चार्ज भयो,友達は（　）しました,友達は退院しました,244,1,,,,,,,,,,,,,,,,,,
20,सेन्टिमिटर,,センチ,मेरो भाइ ५ सेन्टिमिटर अग्लो भएको छ।,兄は5（　）背が高くなりました,兄は5センチ背が高くなりました,245,1,,,,,,,,,,,,,,,,,,
20,तौल बढ्नु,太る,ふとる,मैले धेरै खाएँ र वजन बढ्यो,食べ過ぎて（　）ってしまいました,食べ過ぎて太ってしまいました,246,1,,,,,,,,,,,,,,,,,,
20,वजन घटाउने,痩せる,やせる,म सजिलै तौल घटाउन सक्दिन,なかなか（　）ません,なかなか痩せません,247,1,,,,,,,,,,,,,,,,,,
20,हात,腕,うで,मेरो शरीर भारी छ र मेरो हात  मोटो  छ।,体は重いし、（　）も太くなりました,体は重いし、腕も太くなりました,248,1,,,,,,,,,,,,,,,,,,
